Volyn,Rivne
Volyn,Lviv
Lviv,Ternopil
Lviv,IF
Lviv,Zakarpattia
Zakarpattia,IF
Rivne,Ternopil
Rivne,Khmel
Rivne,Zhytomyr
Ternopil,Khmel
Ternopil,IF
Ternopil,Chernivtsi
IF,Chernivtsi
Khmel,Zhytomyr
Khmel,Vinnytsia
Khmel,Chernivtsi
Chernivtsi,Vinnytsia
Zhytomyr,Kiev
Zhytomyr,Vinnytsia
Kiev,Chernihiv
Kiev,Cherkasy
Kiev,Vinnytsia
Kiev,Poltava
Vinnytsia,Cherkasy
Vinnytsia,Kirovohrad
Vinnytsia,Odessa
Cherkasy,Kirovohrad
Cherkasy,Poltava
Kirovohrad,Poltava
Kirovohrad,Dnipropetrovsk
Kirovohrad,Mykolaiv
Kirovohrad,Odessa
Odessa,Mykolaiv
Mykolaiv,Dnipropetrovsk
Mykolaiv,Kherson
Chernihiv,Sumy
Chernihiv,Poltava
Sumy,Poltava
Sumy,Kharkiv
Poltava,Kharkiv
Poltava,Dnipropetrovsk
Dnipropetrosvk,Donetsk
Dnipropetrosvk,Kherson
Dnipropetrosvk,Zaporizhia
Kherson,Crimea
Kherson,Zaporizhia
Kharkiv,Luhansk
Kharkiv,Donetsk
Zaporizhia,Donetsk
Donetsk,Luhansk
